data;pora_dnia;kalorie;bialko;tluszcze;weglowodany;cukry;blonnik;sol;godz_na_ucz;ilosc_krokow
03.12.2025;1;461;21,9;17,9;53,2;94,8;27,5;4,9;7;5588
03.12.2025;2;0;0;0;0;0;0;0;0;0
03.12.2025;3;614;36,4;23,8;63,6;0;0;0;0;0
03.12.2025;4;162;15,2;4,2;15,8;0;0;0;0;0
03.12.2025;5;498;31,5;16,8;55,3;0;0;0;0;0
04.12.2025;1;441;30,5;13,6;49,1;82,6;27,9;5;9;5476
04.12.2025;2;214;12;6,9;25,9;0;0;0;0;0
04.12.2025;3;595;34;22,8;63,5;0;0;0;0;0
04.12.2025;4;227;20,1;7,5;19,7;0;0;0;0;0
04.12.2025;5;464;23,4;14,7;59,6;0;0;0;0;0
05.12.2025;1;515;30,3;20,2;53,1;73,2;22,5;4,3;4;6022
05.12.2025;2;199;9,9;6,7;24,7;0;0;0;0;0
05.12.2025;3;459;34,8;17,4;40,8;0;0;0;0;0
05.12.2025;4;147;10,4;4;17,4;0;0;0;0;0
05.12.2025;5;463;25,8;14,9;56,4;0;0;0;0;0
06.12.2025;1;465;29,7;14,6;53,8;81,7;28,9;4,3;0;2383
06.12.2025;2;196;13,6;6,4;21;0;0;0;0;0
06.12.2025;3;494;30,7;17,1;54,4;0;0;0;0;0
06.12.2025;4;182;12,7;5,7;19,9;0;0;0;0;0
06.12.2025;5;524;34,1;18;56,3;0;0;0;0;0
07.12.2025;1;471;30,5;19,2;44,1;72,8;24,5;4,5;0;6979
07.12.2025;2;195;9,5;4,5;29,1;0;0;0;0;0
07.12.2025;3;521;30,4;20,9;52,8;0;0;0;0;0
07.12.2025;4;174;12,5;4;22,1;0;0;0;0;0
07.12.2025;5;435;28,3;14,4;48;0;0;0;0;0
08.12.2025;1;455;28;17,1;47,3;83,9;26;5,4;10;6531
08.12.2025;2;131;9,6;4,5;13;0;0;0;0;0
08.12.2025;3;642;29,3;18,5;89,6;0;0;0;0;0
08.12.2025;4;182;10;5,9;22,3;0;0;0;0;0
08.12.2025;5;438;32,3;12,4;49,3;0;0;0;0;0
09.12.2025;1;340;36,2;14,3;16,7;86,3;28,7;5,7;12;7202
09.12.2025;2;199;13,5;6,6;21,4;0;0;0;0;0
09.12.2025;3;630;30,9;23,8;73,1;0;0;0;0;0
09.12.2025;4;204;12,4;5,5;26,1;0;0;0;0;0
09.12.2025;5;550;25;22,6;61,7;0;0;0;0;0
10.12.2025;1;572;23,8;22,4;68,8;80,6;26,9;5,2;7;7762
10.12.2025;2;249;12,8;7,8;31,8;0;0;0;0;0
10.12.2025;3;464;39,7;14,4;43,8;0;0;0;0;0
10.12.2025;4;193;12,3;4,9;25;0;0;0;0;0
10.12.2025;5;455;25,1;14,5;56,1;0;0;0;0;0
11.12.2025;1;454;28,4;17;46,9;80,6;27,5;5,3;9;4239
11.12.2025;2;208;12,6;5,2;27,8;0;0;0;0;0
11.12.2025;3;584;39,4;20,6;60,2;0;0;0;0;0
11.12.2025;4;182;12,5;4,6;22,7;0;0;0;0;0
11.12.2025;5;505;28,5;14,7;64,7;0;0;0;0;0
12.12.2025;1;449;29,8;14,3;50,3;80,5;31,9;4,2;4;5241
12.12.2025;2;177;10,8;4,3;23,8;0;0;0;0;0
12.12.2025;3;550;36;22,3;51,4;0;0;0;0;0
12.12.2025;4;212;16,5;6;23;0;0;0;0;0
12.12.2025;5;497;26,3;19,1;54,9;0;0;0;0;0
13.12.2025;1;459;31,1;19,2;40,4;67,2;21,8;4,7;0;12376
13.12.2025;2;199;12,5;6,2;23,4;0;0;0;0;0
13.12.2025;3;505;33,1;16,2;56,6;0;0;0;0;0
13.12.2025;4;191;13,4;6,7;19,3;0;0;0;0;0
13.12.2025;5;419;24,7;14;48,5;0;0;0;0;0
14.12.2025;1;486;28;17,7;53,7;69,1;30;5,6;0;14776
14.12.2025;2;185;7,7;4,9;27,4;0;0;0;0;0
14.12.2025;3;582;42,9;17,5;63,3;0;0;0;0;0
14.12.2025;4;162;8,9;5,4;19,5;0;0;0;0;0
14.12.2025;5;432;36,2;14,2;39,8;0;0;0;0;0
15.12.2025;1;408;31,9;14,5;37,4;56,6;22,2;5,2;4;11545
15.12.2025;2;180;11,6;4,4;23,4;0;0;0;0;0
15.12.2025;3;529;35,1;17,5;57,7;0;0;0;0;0
15.12.2025;4;185;11;4,5;25,2;0;0;0;0;0
15.12.2025;5;484;19,6;14,1;69,7;0;0;0;0;0
16.12.2025;1;524;34,9;14,9;62,6;86,2;29,1;5,3;12;8066
16.12.2025;2;211;13,9;7;23,1;0;0;0;0;0
16.12.2025;3;631;27,3;23,3;77,9;0;0;0;0;0
16.12.2025;4;181;12,5;4,7;22,1;0;0;0;0;0
16.12.2025;5;330;28,3;10,6;30,3;0;0;0;0;0
17.12.2025;1;442;33,8;17,6;37,1;80,8;23,5;4,8;7;10566
17.12.2025;2;180;18,3;6,3;12,4;0;0;0;0;0
17.12.2025;3;530;32,9;19,8;55;0;0;0;0;0
17.12.2025;4;179;11,7;6,1;19,2;0;0;0;0;0
17.12.2025;5;468;23;14;62,5;0;0;0;0;0
18.12.2025;1;449;28,5;17,1;45,4;62,5;30,9;4,5;9;8999
18.12.2025;2;195;11,3;4,9;26,4;0;0;0;0;0
18.12.2025;3;600;31,1;22;69,4;0;0;0;0;0
18.12.2025;4;170;10,6;5,2;20,1;0;0;0;0;0
18.12.2025;5;434;31,4;12,3;49,3;0;0;0;0;0
19.12.2025;1;476;37,1;18,7;39,8;96,5;25,5;4,9;4;17732
19.12.2025;2;187;14,7;4,7;21,4;0;0;0;0;0
19.12.2025;3;559;36,8;15,6;67,9;0;0;0;0;0
19.12.2025;4;217;13,4;6,3;26,6;0;0;0;0;0
19.12.2025;5;460;18,9;15,1;62,1;0;0;0;0;0
20.12.2025;1;381;35,1;12,7;31,6;61,1;24,3;5,1;0;5198
20.12.2025;2;179;12,1;5,7;19,9;0;0;0;0;0
20.12.2025;3;552;24,9;20,1;67,8;0;0;0;0;0
20.12.2025;4;226;11,2;7,2;29,1;0;0;0;0;0
20.12.2025;5;443;28,6;15,6;47,1;0;0;0;0;0
21.12.2025;1;582;29,6;16,4;78,9;97,4;34,3;5,2;0;18692
21.12.2025;2;178;14,3;4,4;20,3;0;0;0;0;0
21.12.2025;3;672;33,2;28;71,8;0;0;0;0;0
21.12.2025;4;238;13,2;8,2;27,8;0;0;0;0;0
21.12.2025;5;418;30,8;14,2;41,9;0;0;0;0;0
22.12.2025;1;562;26,5;21,4;65,8;93,9;27,3;6,4;4;10921
22.12.2025;2;240;7,7;5,5;39,9;0;0;0;0;0
22.12.2025;3;572;38,5;17,8;64,5;0;0;0;0;0
22.12.2025;4;216;10,1;7,5;27;0;0;0;0;0
22.12.2025;5;559;36,1;22,9;52,2;0;0;0;0;0
23.12.2025;1;566;34,4;16,9;69,1;107,9;38,8;5,4;12;10384
23.12.2025;2;220;16,5;7,5;21,6;0;0;0;0;0
23.12.2025;3;590;21,8;24,9;69,7;0;0;0;0;0
23.12.2025;4;219;12,8;7,4;25,2;0;0;0;0;0
23.12.2025;5;569;29,4;21,5;64,4;0;0;0;0;0
24.12.2025;1;487;23,1;19,8;54,2;111,1;39,2;6,1;0;2588
24.12.2025;2;267;10,6;7,5;39,3;0;0;0;0;0
24.12.2025;3;824;42,2;34,4;86,5;0;0;0;0;0
24.12.2025;4;229;11,1;5,5;33,8;0;0;0;0;0
24.12.2025;5;530;31,6;16,8;63,1;0;0;0;0;0
25.12.2025;1;571;33,3;20,5;63,3;97,2;30,9;5,1;0;1718
25.12.2025;2;202;10,4;6,8;24,7;0;0;0;0;0
25.12.2025;3;588;34,8;24,6;56,9;0;0;0;0;0
25.12.2025;4;213;13,1;7,3;23,7;0;0;0;0;0
25.12.2025;5;570;26,3;21,5;67,8;0;0;0;0;0
26.12.2025;1;500;17,9;18,2;66,1;103,5;33;6,3;0;1615
26.12.2025;2;174;8,4;5,5;22,8;0;0;0;0;0
26.12.2025;3;648;38,4;21,4;75,5;0;0;0;0;0
26.12.2025;4;183;14,8;4,1;21,8;0;0;0;0;0
26.12.2025;5;582;38,5;17;68,6;0;0;0;0;0
27.12.2025;1;495;35;20,7;42,2;101,2;27,5;6,1;0;8726
27.12.2025;2;251;11,1;7,4;35;0;0;0;0;0
27.12.2025;3;716;32,6;22,9;94,9;0;0;0;0;0
27.12.2025;4;223;12,3;7,3;27,1;0;0;0;0;0
27.12.2025;5;467;22,2;18,2;53,5;0;0;0;0;0
28.12.2025;1;447;31,5;18,8;37,9;111,9;31,5;6,9;0;9936
28.12.2025;2;188;10,7;6,4;21,8;0;0;0;0;0
28.12.2025;3;722;34;21;99,3;0;0;0;0;0
28.12.2025;4;223;13,6;6,8;26,9;0;0;0;0;0
28.12.2025;5;503;26,5;16,5;62;0;0;0;0;0
29.12.2025;1;605;39,4;20,4;65,8;113;32,8;6,9;0;6329
29.12.2025;2;180;10,2;4,8;24;0;0;0;0;0
29.12.2025;3;689;33,8;25,3;81,5;0;0;0;0;0
29.12.2025;4;247;12,5;5,6;36,6;0;0;0;0;0
29.12.2025;5;577;34,4;16,8;72;0;0;0;0;0
30.12.2025;1;593;23,2;24;71;115;35,5;6,8;0;15534
30.12.2025;2;237;11,7;4,9;36,5;0;0;0;0;0
30.12.2025;3;724;38;28,9;78,1;0;0;0;0;0
30.12.2025;4;209;9,1;6,5;28,5;0;0;0;0;0
30.12.2025;5;525;30,8;21,6;51,9;0;0;0;0;0
31.12.2025;1;423;29,2;15,5;41,6;81,1;24,1;5,5;0;4701
31.12.2025;2;0;0;0;0;0;0;0;0;0
31.12.2025;3;611;30,1;20,4;76,8;0;0;0;0;0
31.12.2025;4;0;0;0;0;0;0;0;0;0
31.12.2025;5;444;26,7;18,7;42,3;0;0;0;0;0
01.01.2026;1;446;42,8;17,7;28,8;98,1;25,7;5,9;0;18781
01.01.2026;2;0;0;0;0;0;0;0;0;0
01.01.2026;3;570;27;23,5;62,5;0;0;0;0;0
01.01.2026;4;0;0;0;0;0;0;0;0;0
01.01.2026;5;443;32,4;14,1;46,7;0;0;0;0;0
02.01.2026;1;356;19,2;10,5;46,2;105,7;23;3,5;0;10203
02.01.2026;2;172;15,8;3,5;19,2;0;0;0;0;0
02.01.2026;3;488;37;20,5;38,9;0;0;0;0;0
02.01.2026;4;0;0;0;0;0;0;0;0;0
02.01.2026;5;413;35,4;13;38,6;0;0;0;0;0
03.01.2026;1;393;38,7;12,4;31,6;112,3;24,3;3,7;0;19964
03.01.2026;2;0;0;0;0;0;0;0;0;0
03.01.2026;3;575;35,7;23,1;56;0;0;0;0;0
03.01.2026;4;190;10;5,7;24,6;0;0;0;0;0
03.01.2026;5;420;29;17,4;36,8;0;0;0;0;0
04.01.2026;1;428;35,5;15,1;37,6;63,9;25,9;4,6;0;15039
04.01.2026;2;0;0;0;0;0;0;0;0;0
04.01.2026;3;575;36,1;16,8;69,8;0;0;0;0;0
04.01.2026;4;141;11,1;3,2;17;0;0;0;0;0
04.01.2026;5;441;34,1;13,8;45,2;0;0;0;0;0
05.01.2026;1;483;28,5;20,3;46,6;63,5;26,6;5,3;0;5171
05.01.2026;2;189;11,4;4,9;24,8;0;0;0;0;0
05.01.2026;3;525;42;16,1;53,1;0;0;0;0;0
05.01.2026;4;0;0;0;0;0;0;0;0;0
05.01.2026;5;372;22,1;12;43,8;0;0;0;0;0
06.01.2026;1;496;27,6;17,7;56,5;81,1;22,8;5,4;0;1524
06.01.2026;2;188;9,3;6,5;23;0;0;0;0;0
06.01.2026;3;565;41,8;19,4;55,7;0;0;0;0;0
06.01.2026;4;186;12,3;6,3;20,1;0;0;0;0;0
06.01.2026;5;384;24,7;14;39,9;0;0;0;0;0
07.01.2026;1;481;26,9;15,5;58,4;62,4;23;4,8;7;8442
07.01.2026;2;184;14;5,7;19,1;0;0;0;0;0
07.01.2026;3;513;36,4;21,7;43,1;0;0;0;0;0
07.01.2026;4;188;13,9;4,8;22,4;0;0;0;0;0
07.01.2026;5;440;24,8;12,7;56,7;0;0;0;0;0
08.01.2026;1;458;27,3;16,3;50,6;62,6;21,5;4,9;9;7563
08.01.2026;2;174;12,5;3,9;22,3;0;0;0;0;0
08.01.2026;3;460;43,9;12,9;42,1;0;0;0;0;0
08.01.2026;4;146;12,7;3,4;16,2;0;0;0;0;0
08.01.2026;5;444;29,6;15,3;47;0;0;0;0;0
09.01.2026;1;403;29,6;14,6;38,4;88,6;32;5,1;12;5869
09.01.2026;2;224;9,8;5;34,9;0;0;0;0;0
09.01.2026;3;593;47,8;17,9;60,2;0;0;0;0;0
09.01.2026;4;193;10,1;5,8;25,2;0;0;0;0;0
09.01.2026;5;448;20,7;12,7;62,6;0;0;0;0;0
